,"S=1,G=0,OMC=0,NS=50","S=1,G=0,OMC=0,NS=100","S=1,G=0,OMC=0,NS=150","S=1,G=0,OMC=2,NS=50","S=1,G=0,OMC=2,NS=100","S=1,G=0,OMC=2,NS=150","S=1,G=0,OMC=4,NS=50","S=1,G=0,OMC=4,NS=100","S=1,G=0,OMC=4,NS=150","S=1,G=1,OMC=0,NS=50","S=1,G=1,OMC=0,NS=100","S=1,G=1,OMC=0,NS=150","S=1,G=1,OMC=2,NS=50","S=1,G=1,OMC=2,NS=100","S=1,G=1,OMC=2,NS=150","S=1,G=1,OMC=4,NS=50","S=1,G=1,OMC=4,NS=100","S=1,G=1,OMC=4,NS=150","S=1,G=2,OMC=0,NS=50","S=1,G=2,OMC=0,NS=100","S=1,G=2,OMC=0,NS=150","S=1,G=2,OMC=2,NS=50","S=1,G=2,OMC=2,NS=100","S=1,G=2,OMC=2,NS=150","S=1,G=2,OMC=4,NS=50","S=1,G=2,OMC=4,NS=100","S=1,G=2,OMC=4,NS=150","S=1,G=3,OMC=0,NS=50","S=1,G=3,OMC=0,NS=100","S=1,G=3,OMC=0,NS=150","S=1,G=3,OMC=2,NS=50","S=1,G=3,OMC=2,NS=100","S=1,G=3,OMC=2,NS=150","S=1,G=3,OMC=4,NS=50","S=1,G=3,OMC=4,NS=100","S=1,G=3,OMC=4,NS=150","S=1,G=4,OMC=0,NS=50","S=1,G=4,OMC=0,NS=100","S=1,G=4,OMC=0,NS=150","S=1,G=4,OMC=2,NS=50","S=1,G=4,OMC=2,NS=100","S=1,G=4,OMC=2,NS=150","S=1,G=4,OMC=4,NS=50","S=1,G=4,OMC=4,NS=100","S=1,G=4,OMC=4,NS=150","S=1,G=5,OMC=0,NS=50","S=1,G=5,OMC=0,NS=100","S=1,G=5,OMC=0,NS=150","S=1,G=5,OMC=2,NS=50","S=1,G=5,OMC=2,NS=100","S=1,G=5,OMC=2,NS=150","S=1,G=5,OMC=4,NS=50","S=1,G=5,OMC=4,NS=100","S=1,G=5,OMC=4,NS=150","S=2,G=0,OMC=0,NS=50","S=2,G=0,OMC=0,NS=100","S=2,G=0,OMC=0,NS=150","S=2,G=0,OMC=2,NS=50","S=2,G=0,OMC=2,NS=100","S=2,G=0,OMC=2,NS=150","S=2,G=0,OMC=4,NS=50","S=2,G=0,OMC=4,NS=100","S=2,G=0,OMC=4,NS=150","S=2,G=1,OMC=0,NS=50","S=2,G=1,OMC=0,NS=100","S=2,G=1,OMC=0,NS=150","S=2,G=1,OMC=2,NS=50","S=2,G=1,OMC=2,NS=100","S=2,G=1,OMC=2,NS=150","S=2,G=1,OMC=4,NS=50","S=2,G=1,OMC=4,NS=100","S=2,G=1,OMC=4,NS=150","S=2,G=2,OMC=0,NS=50","S=2,G=2,OMC=0,NS=100","S=2,G=2,OMC=0,NS=150","S=2,G=2,OMC=2,NS=50","S=2,G=2,OMC=2,NS=100","S=2,G=2,OMC=2,NS=150","S=2,G=2,OMC=4,NS=50","S=2,G=2,OMC=4,NS=100","S=2,G=2,OMC=4,NS=150","S=2,G=3,OMC=0,NS=50","S=2,G=3,OMC=0,NS=100","S=2,G=3,OMC=0,NS=150","S=2,G=3,OMC=2,NS=50","S=2,G=3,OMC=2,NS=100","S=2,G=3,OMC=2,NS=150","S=2,G=3,OMC=4,NS=50","S=2,G=3,OMC=4,NS=100","S=2,G=3,OMC=4,NS=150","S=2,G=4,OMC=0,NS=50","S=2,G=4,OMC=0,NS=100","S=2,G=4,OMC=0,NS=150","S=2,G=4,OMC=2,NS=50","S=2,G=4,OMC=2,NS=100","S=2,G=4,OMC=2,NS=150","S=2,G=4,OMC=4,NS=50","S=2,G=4,OMC=4,NS=100","S=2,G=4,OMC=4,NS=150","S=2,G=5,OMC=0,NS=50","S=2,G=5,OMC=0,NS=100","S=2,G=5,OMC=0,NS=150","S=2,G=5,OMC=2,NS=50","S=2,G=5,OMC=2,NS=100","S=2,G=5,OMC=2,NS=150","S=2,G=5,OMC=4,NS=50","S=2,G=5,OMC=4,NS=100","S=2,G=5,OMC=4,NS=150"
STRAIN,STRESS(KPA),STRESS(KPA),STRESS(KPA),STRESS(KPA),STRESS(KPA),STRESS(KPA),STRESS(KPA),STRESS(KPA),STRESS(KPA),STRESS(KPA),STRESS(KPA),STRESS(KPA),STRESS(KPA),STRESS(KPA),STRESS(KPA),STRESS(KPA),STRESS(KPA),STRESS(KPA),STRESS(KPA),STRESS(KPA),STRESS(KPA),STRESS(KPA),STRESS(KPA),STRESS(KPA),STRESS(KPA),STRESS(KPA),STRESS(KPA),STRESS(KPA),STRESS(KPA),STRESS(KPA),STRESS(KPA),STRESS(KPA),STRESS(KPA),STRESS(KPA),STRESS(KPA),STRESS(KPA),STRESS(KPA),STRESS(KPA),STRESS(KPA),STRESS(KPA),STRESS(KPA),STRESS(KPA),STRESS(KPA),STRESS(KPA),STRESS(KPA),STRESS(KPA),STRESS(KPA),STRESS(KPA),STRESS(KPA),STRESS(KPA),STRESS(KPA),STRESS(KPA),STRESS(KPA),STRESS(KPA),STRESS(KPA),STRESS(KPA),STRESS(KPA),STRESS(KPA),STRESS(KPA),STRESS(KPA),STRESS(KPA),STRESS(KPA),STRESS(KPA),STRESS(KPA),STRESS(KPA),STRESS(KPA),STRESS(KPA),STRESS(KPA),STRESS(KPA),STRESS(KPA),STRESS(KPA),STRESS(KPA),STRESS(KPA),STRESS(KPA),STRESS(KPA),STRESS(KPA),STRESS(KPA),STRESS(KPA),STRESS(KPA),STRESS(KPA),STRESS(KPA),STRESS(KPA),STRESS(KPA),STRESS(KPA),STRESS(KPA),STRESS(KPA),STRESS(KPA),STRESS(KPA),STRESS(KPA),STRESS(KPA),STRESS(KPA),STRESS(KPA),STRESS(KPA),STRESS(KPA),STRESS(KPA),STRESS(KPA),STRESS(KPA),STRESS(KPA),STRESS(KPA),STRESS(KPA),STRESS(KPA),STRESS(KPA),STRESS(KPA),STRESS(KPA),STRESS(KPA),STRESS(KPA),STRESS(KPA),STRESS(KPA)
0.666666667,59.64854,76.7772,87.19619,56.81051,73.64581,86.57694,53.20985,67.10795,73.40527,39.03463,47.47459,61.53276,31.04446,43.71223,56.21904,23.43369,33.15252,42.13425,38.31719,49.69711,56.38774,32.46632,44.85195,53.64758,31.14767,42.19521,50.08543,33.84379,65.33891,94.64135,30.37531,57.77661,78.67283,27.08328,46.91347,67.25637,40.08049,60.60801,77.08455,37.04082,55.06628,69.9902,33.24547,49.28434,63.2109,30.53964,48.66302,61.67682,27.93635,45.87657,58.62157,25.06181,38.25194,53.08543,55.77181,60.98448,67.14085,40.95706,51.34593,56.39293,31.92966,38.14366,42.93518,33.85369,37.8676,48.83458,25.16157,31.55128,39.58189,16.91078,21.59254,26.40682,33.39026,42.38257,60.31487,30.3317,39.7379,56.8528,27.69889,36.65822,53.28471,30.52813,62.04269,88.78942,30.68457,56.04984,77.28609,25.08328,49.42101,68.8725,32.19894,44.5017,63.11107,31.54634,45.25766,59.16514,29.65271,42.55446,57.69194,36.31804,46.62083,68.45738,34.13833,46.75008,68.11243,34.65492,48.09777,66.29833
1.333333333,69.88462,93.19928,106.0011,65.89547,88.51062,103.0445,61.09606,81.10071,86.30435,46.839,58.89774,76.3924,36.23453,52.56563,66.74338,27.79524,42.28439,54.03795,48.073,61.34847,70.73594,42.72215,55.96266,66.56654,38.20429,51.66349,59.54708,41.20675,80.96899,108.78093,36.53314,70.61235,93.51546,32.03783,58.36385,84.37486,49.88987,74.24873,93.32844,44.74764,66.53951,83.371,40.75106,59.74367,75.01505,40.15136,60.4174,80.07032,36.72874,56.9579,76.01476,32.9495,48.90368,66.54708,62.0144,69.997,77.26893,46.066,58.93403,64.8997,35.91253,43.78067,49.41187,38.29794,43.8366,57.36828,30.98984,36.69146,46.49871,22.78718,26.68836,33.45819,40.19013,52.86369,71.40402,36.50869,49.565,67.30543,33.33973,45.72372,63.08134,39.31905,73.73407,95.07116,35.98311,65.83686,83.28435,31.03783,58.04779,77.15251,38.7562,55.50688,74.71431,36.89521,53.33456,69.84497,34.01626,49.67133,67.42237,42.56539,58.15006,81.04356,39.99014,55.92903,79.83696,39.70765,55.90984,77.23493
2,73.9636,105.60749,115.2546,69.65961,99.14148,110.66929,64.50834,90.92546,95.06706,50.4576,63.24117,83.0966,38.78523,56.58176,71.93302,28.57509,44.77575,59.73344,52.68485,67.3969,79.49688,47.27498,60.48266,73.53392,41.9335,54.38053,63.5269,42.94878,88.21208,114.05647,38.38176,77.90492,99.69812,33.84806,65.16776,90.2274,53.31681,80.64449,99.34668,47.44837,73.07807,89.44602,43.02078,65.00414,80.29348,45.88483,67.02544,91.20102,41.97347,63.18756,84.22182,37.65457,54.4482,71.72612,63.7866,74.0778,81.3078,47.823,62.36986,68.29203,37.39905,46.33307,51.99465,39.8976,46.8516,61.0726,34.36779,38.70355,49.50117,25.82252,29.06678,35.65091,42.6162,58.27707,77.2488,38.71254,54.64058,72.81472,35.35228,50.40595,68.24487,41.7408,78.7774,95.79139,38.57627,70.10837,85.47325,33.84806,62.09945,79.3595,41.09571,61.19092,80.83005,39.04572,56.52553,75.18836,35.95023,52.89514,72.44968,45.33654,64.10477,87.67739,42.43179,60.60346,85.8264,41.9024,59.74895,82.78108
2.666666667,76.41908,112.16962,121.91291,72.04061,102.72892,116.06545,66.77816,94.30166,99.54257,53.25733,66.73782,89.0354,39.57775,59.52875,76.84139,29.31929,46.90419,62.81893,56.67661,72.11322,86.3144,49.66083,64.00917,78.20642,43.85209,57.09757,67.31482,45.42531,93.69021,119.26469,40.52554,81.79876,105.22538,35.96501,69.44952,95.539,55.05096,85.74172,104.35954,49.71319,76.97435,94.5459,44.03855,68.50355,84.71823,47.62242,72.57179,98.46149,43.56294,68.41633,91.36558,39.08049,57.99907,75.91689,64.8488,76.51665,84.0358,49.58,64.42325,70.58333,38.44717,47.85848,53.73915,41.5084,49.36419,63.9458,35.75533,40.79704,51.82999,26.86506,30.43219,37.35165,45.0788,62.14112,81.56,40.94956,58.26351,76.87846,37.39513,53.74811,72.05356,43.48678,82.316,96.55082,40.80243,72.99865,86.86502,35.96501,64.81242,80.58009,43.47045,65.24817,85.34112,40.98883,59.47481,79.27169,37.53985,55.54704,76.16627,48.1077,68.35523,92.5706,44.68541,64.01668,90.03119,43.69708,62.35656,86.60946
3.333333333,75.923,114.00271,128.75713,71.92415,104.37557,121.06738,67.00304,96.25423,103.73426,53.45667,70.34755,94.122,39.99579,62.55176,79.57541,29.84291,49.08109,65.52475,57.391,76.46272,91.623,50.49883,67.52863,82.87299,44.76147,59.81461,71.09889,46.4774,96.33448,124.35364,41.56996,84.35834,110.38152,37.13106,72.95303,99.40127,55.934,89.2386,109.80832,50.65439,80.08152,99.45726,45.07627,71.61382,88.45049,49.36043,77.82516,104.15412,45.1528,72.5747,97.33165,40.50676,60.59626,79.59891,65.911,77.618,85.764,51.337,65.35053,72.03488,39.4953,48.54734,54.84429,43.166,51.742,66.174,37.18319,42.77823,53.63601,27.93789,31.91363,38.67059,46.786,65.45559,85.157,42.50038,61.37116,80.26899,38.81133,56.61491,75.23131,44.912,84.20586,97.892,42.0205,74.69069,88.15908,37.13106,66.35812,82.10369,45.11674,68.72837,89.10488,42.35387,61.51443,82.53915,38.66984,57.46151,79.08752,49.67042,72.00115,96.6532,46.1062,66.69689,93.51877,44.8371,64.48409,89.8192
4,72.43569,112.78433,133.29403,66.48738,103.61942,124.32867,60.57631,95.96993,108.60339,53.75674,73.59814,97.6636,40.47666,65.50549,81.93801,30.40354,51.53266,67.98709,57.391,78.95118,95.0884,50.65922,70.04789,86.31133,45.22905,62.53165,74.73444,46.81491,96.54696,127.61577,41.83961,84.82099,113.67069,38.2543,74.32052,101.89382,56.02462,91.58907,114.17209,50.86942,82.18644,103.32101,45.87168,73.65609,91.45587,51.09532,82.52245,109.85367,46.7398,77.85382,101.16575,41.93046,63.71298,82.51733,66.9732,78.4542,86.80218,53.094,66.05457,72.90687,40.54342,49.07035,55.50819,44.82973,53.13943,68.1024,38.61633,44.27577,55.19904,29.01469,33.1073,39.81208,48.50585,68.43686,88.0282,44.0627,64.1664,82.97538,40.23804,59.19352,77.76785,46.2876,84.5104,98.817,43.16465,75.24994,88.8164,38.2543,67.145,82.96803,46.77523,71.3809,92.10919,43.63812,63.4661,85.26509,39.66662,59.16409,81.51023,51.23314,75.28055,99.91201,47.42169,69.09666,96.41349,45.83169,66.19553,92.41501
4.666666667,67.22892,110.2555,136.30946,61.22253,101.80562,126.5022,55.30563,94.6922,111.06079,54.01713,77.12439,101.2418,40.93278,68.30845,84.3256,30.94959,53.88808,70.46586,57.391,82.69527,98.9454,50.53794,73.30782,89.34509,45.51297,65.27632,78.1067,47.15062,96.83533,130.09753,42.10932,85.22463,116.21393,38.46257,75.14632,103.91643,56.1152,93.6053,117.84147,50.94363,84.01822,106.60951,46.11777,75.44132,94.1057,52.84072,86.62622,115.06815,48.33642,80.77311,105.13594,43.36279,65.83041,84.93533,68.0354,79.057,87.51188,54.851,66.5621,73.50296,41.59155,49.44738,55.96203,45.952,54.8006,69.47246,39.58305,45.65986,56.30952,29.74104,34.14225,40.62306,49.4224,69.37894,89.5024,44.89529,65.04969,84.36496,40.99836,60.00836,79.07022,47.5022,84.821,99.242,44.11877,75.79139,89.44871,39.1788,67.85924,83.77632,47.65908,72.64503,93.65173,44.36955,64.53124,86.71306,40.27109,60.09734,82.83621,51.99094,76.97646,101.58522,48.20237,70.39515,97.8418,46.4981,67.03595,93.66059
5.333333333,62.46372,107.722,139.20819,57.64665,101.00384,127.2068,50.63509,92.46936,113.51256,54.17928,80.4396,104.9242,41.32762,70.96956,86.78436,31.45954,56.15305,72.99141,57.391,86.02593,103.1052,50.41426,76.3162,91.80043,45.79533,68.1043,80.99585,47.48789,97.12335,132.51938,42.37881,85.46854,117.75516,38.67118,75.45544,105.92405,56.20601,95.41464,121.13229,51.01653,85.64437,109.1078,46.36325,77.00987,96.50684,54.57014,89.39981,119.83091,49.91841,83.49848,108.67345,44.78201,67.91467,87.4506,69.0976,79.63837,87.92586,55.9188,67.05158,73.85067,42.63968,49.83986,56.22676,47.07935,56.47104,70.5668,40.55416,47.05167,57.19651,30.47069,35.18298,41.1964,50.34238,70.32604,90.9766,45.53802,65.93769,85.75454,41.5853,60.82754,80.3728,48.2088,85.153,100.167,44.75792,76.34664,90.08508,39.77387,68.47992,84.55941,48.54624,73.84234,95.19428,45.04803,65.51145,88.13314,40.79106,60.92151,84.07062,52.74874,78.89695,102.43066,48.93006,71.82292,98.80078,47.11928,67.50321,94.30264
6,60.4478,104.851,140.37082,53.97849,98.48658,127.9114,48.01413,91.39437,115.29484,54.25923,84.1047,108.4056,41.6712,72.52977,89.10585,31.9393,58.35368,75.42672,57.391,88.83875,105.4306,50.6056,78.91952,93.58612,46.28309,70.71601,83.34253,47.8245,97.41231,134.05003,42.64823,85.73202,119.27275,38.87973,76.39206,107.25714,56.29699,96.96553,123.56032,51.24691,87.07777,111.25943,46.71141,78.78404,98.31534,56.30807,91.7598,124.03825,51.5082,85.95098,112.19021,46.20821,69.85218,89.97195,70.2124,80.1508,88.29231,56.9874,67.48303,74.15845,43.71665,50.23186,56.46109,47.9516,57.5902,71.5084,41.30551,47.98415,57.9597,31.03522,35.88025,41.7702,50.87232,70.95246,92.2108,46.18153,66.31059,86.9179,42.17296,61.1722,80.7514,48.7502,85.485,101.092,45.29466,76.78687,90.58289,40.26183,68.99607,85.12469,49.21964,74.50008,96.48569,45.59199,66.27593,89.31282,41.23085,61.59012,85.11421,53.50654,80.81743,103.00016,49.65822,73.2394,99.5866,47.72917,67.97132,94.78075
6.666666667,58.83,103.026,140.554,52.9034,95.61069,128.616,47.37508,90.76734,116.088,54.32211,88.01669,111.727,42.00412,73.41987,91.31807,32.41278,60.44583,77.79019,57.391,91.44941,107.756,50.6056,81.26451,96.3718,46.28309,72.8861,85.6892,48.16139,97.6997,135.0779,42.91784,86.235,120.78573,39.08844,76.44807,108.56964,56.38739,98.41456,125.73695,51.38172,88.50175,113.40876,46.81576,79.89709,100.11404,58.04556,94.95834,126.11595,53.09758,88.26354,115.64972,47.63405,71.61522,92.49116,70.883,80.60415,88.96659,57.557,67.86472,74.72479,44.55,50.62427,56.89228,48.83525,58.71141,72.45,42.06669,48.91834,58.7229,31.60714,36.57879,42.34417,51.3766,71.57993,92.49731,46.82594,66.68499,87.18796,42.76143,61.51536,81.13,49.29207,85.817,102.017,45.83362,77.20598,91.05372,40.75081,69.50108,85.6499,49.89305,75.15892,96.89398,46.13595,67.04164,89.8968,41.67063,62.22368,85.68497,54.26435,81.33884,103.56966,50.3862,73.81002,100.11231,48.32504,68.43903,95.25875
7.333333333,57.8838,101.7806,140.6264,52.32928,95.51487,129.3206,47.37508,90.67686,116.44916,54.3876,91.04821,114.4,42.23303,75.71819,94.0875,32.825,62.1606,79.86252,57.391,93.31034,111.0814,50.6056,82.91591,99.15749,46.28309,74.36118,88.03587,48.49829,97.9886,136.0489,43.18699,86.33931,122.29897,39.29679,76.50428,109.15954,56.47789,99.48947,127.88515,51.51629,89.37961,115.55823,46.91994,80.66273,101.95688,58.17024,97.55809,128.03401,53.5711,90.39531,117.96024,47.80892,73.94052,95.0125,71.30152,80.60415,89.16363,58.603,67.86472,74.89029,45.24508,51.01641,57.01829,49.6676,59.6328,73.3916,42.78367,49.68605,59.48609,32.14585,37.15284,42.9178,52.04438,72.08335,93.1046,47.46688,67.05861,87.56035,43.34674,61.85828,81.5086,50.1084,86.149,102.942,46.52132,77.63032,91.52608,41.39133,70.06135,86.19231,50.56646,75.59922,97.30227,46.67991,67.66911,90.41654,42.11042,62.85611,86.18262,55.02215,81.86024,104.13917,51.11436,74.35591,100.63041,48.89551,68.90714,95.73687
8,57.5738,101.0444,140.6988,52.25213,95.41778,130.0252,47.37508,90.58536,116.80969,54.44613,93.81441,117.8004,42.56242,77.83818,96.6705,33.29639,63.76166,81.81227,57.391,95.17611,114.4068,50.6056,84.54388,101.94317,46.28309,75.74128,90.38254,48.83586,98.27607,137.0199,43.45643,86.84266,123.8125,39.50537,76.56039,109.75019,56.5686,100.56609,130.03335,51.65102,90.44527,117.70784,47.02423,81.38084,103.7978,58.29668,99.49571,130.44871,53.74962,92.04856,119.56653,47.98443,75.26878,97.26206,71.51293,80.60415,89.24275,59.149,67.86472,74.95675,45.82657,51.40786,57.06888,50.5072,60.5583,74.3332,43.5069,50.45718,60.24929,32.68926,37.72945,43.4916,52.73115,72.51021,93.71509,48.11248,67.43187,87.93239,43.9363,62.2006,81.8872,50.9258,86.48213,103.567,47.21455,78.06048,92.00015,42.03376,70.63069,86.73841,51.23987,76.04342,97.71056,47.22386,68.29599,90.93033,42.5502,63.48794,86.66876,55.77995,82.38164,104.70867,51.84204,74.90165,101.14847,49.46544,69.37422,96.21468
8.666666667,57.52119,100.4988,140.7712,52.34431,95.32057,130.07299,47.37508,90.49375,117.17101,54.51124,96.01871,121.1406,42.89591,79.58051,99.1971,33.77021,65.12189,83.72493,57.391,96.14833,117.7322,50.6056,85.52434,104.70305,46.28309,76.93145,92.68844,49.17206,98.56415,137.88178,43.72588,86.94633,124.62618,39.71395,76.61673,110.34152,56.6588,101.19624,132.12699,51.78574,90.98734,119.49462,47.12852,82.00409,105.57088,58.42281,101.05832,132.86716,53.92841,92.27877,121.17561,48.16021,76.27917,100.04923,71.74011,80.60415,89.24275,59.695,67.86472,74.95675,46.41672,51.79986,57.06888,51.3468,61.8084,75.2748,44.23013,51.49876,61.01248,33.23266,38.5083,44.0654,53.33822,73.2637,93.86395,48.754,67.80499,88.30482,44.52213,62.5434,82.2658,51.7432,86.8174,104.176,47.9209,78.50564,92.58672,42.67942,71.22344,87.35779,51.91328,76.48762,98.11885,47.76782,68.92262,91.44403,42.98998,64.11952,87.15483,56.53775,82.90305,105.27818,52.57006,75.4475,101.66657,50.03575,69.84203,96.69271
9.333333333,57.52119,100.132,140.8436,52.4457,95.22153,130.11665,47.37508,90.40066,117.53154,54.61557,97.02398,123.4808,43.25379,80.51695,101.62016,34.25839,65.96821,85.56952,57.391,97.12354,120.8538,50.6056,86.37598,107.30294,46.28309,77.65539,94.86747,49.50835,98.85235,138.77668,43.99575,87.24966,125.36625,39.92285,76.67283,110.93212,56.74994,101.82794,134.13524,51.92067,91.56482,121.16459,47.23297,82.39411,107.25856,58.54899,102.5244,135.28138,54.1069,93.29232,122.78153,48.33568,77.07729,102.8324,71.74011,80.60415,89.24275,60.241,67.86472,74.95675,46.88226,52.19186,57.06888,52.1864,63.07502,76.2164,44.95336,52.55411,61.77568,33.77607,39.29744,44.6392,53.87615,74.02848,94.04743,49.39731,68.17846,88.67747,45.10961,62.8862,82.64512,52.5606,87.0062,104.374,48.62724,78.85676,93.2571,43.32508,71.75789,88.0098,52.58668,76.93181,98.52714,48.31178,69.54984,91.953,43.42977,64.75169,87.63135,57.29556,83.42445,105.84768,53.29769,75.99322,102.18462,50.60563,70.30902,97.17049
10,57.52119,100.157,140.916,52.54838,95.22153,130.1603,47.37508,90.38811,117.89209,54.75191,97.59636,125.821,43.63159,81.16244,104.04323,34.75831,66.62898,87.41412,57.391,97.73508,123.523,50.6056,86.95308,109.60198,46.28309,78.26277,96.85072,49.84519,99.14054,139.67158,44.26467,87.55332,126.09323,40.13102,76.72912,111.5225,56.84049,102.27781,135.91729,52.05513,92.0052,122.6776,47.33705,82.72594,108.78446,58.67506,103.70199,137.70225,54.28587,94.41819,124.39242,48.51164,77.78414,104.62206,71.74011,80.60415,89.24275,60.787,67.86472,74.95675,47.3478,52.27124,57.06888,53.026,63.703,77.158,45.6766,53.07734,62.53887,34.31948,39.68869,45.2134,54.49973,74.30422,94.35083,50.03944,68.55239,89.05011,45.696,63.229,83.023,53.378,87.195,104.892,49.31108,79.12657,93.85086,43.96518,72.2177,88.54164,53.26009,77.37601,98.93543,48.85574,70.17784,92.46142,43.86955,65.38466,88.10648,58.05336,83.59608,106.41718,54.02593,76.33102,102.63874,51.17618,70.77729,97.64866
10.66666667,57.52119,100.182,140.9884,52.68051,95.22153,130.20395,47.37508,90.37555,118.25305,54.85948,97.65588,128.1612,43.99149,81.46323,106.15612,35.24768,67.06995,89.05477,57.391,98.35589,126.1514,50.6056,87.52859,111.87388,46.28309,78.84253,98.81631,50.18247,99.42874,140.59534,44.53471,87.85666,126.85749,40.34006,76.78524,112.11366,56.93079,102.73231,137.69337,52.19015,92.44462,124.19568,47.44157,83.04389,110.30783,58.80121,104.93153,139.31386,54.31423,95.07958,125.99708,48.68699,78.51022,106.30937,71.74011,80.60415,89.24275,61.3315,67.86472,74.95675,47.81334,52.34991,57.06888,53.8656,64.34205,78.0996,46.39983,53.6098,63.30207,34.86288,40.08683,45.7868,55.15636,74.7247,94.74331,50.68604,68.92584,89.42316,46.28647,63.57384,83.4016,54.1954,87.3838,105.17,49.97318,79.37394,94.43818,44.59989,72.64018,89.05882,53.9335,77.8202,99.34372,49.39969,70.80503,92.96138,44.30933,66.01681,88.56528,58.81116,83.76771,106.98669,54.7534,76.66859,103.09279,51.7459,71.24395,98.12635
11.33333333,57.52119,100.18674,141.00496,52.75735,95.22153,130.21394,47.37508,90.36299,118.6136,54.97848,97.55362,130.7742,44.3585,81.65528,108.20209,35.74124,67.44158,90.65143,57.391,99.15742,128.7514,50.6056,88.22549,114.1269,46.28309,79.4266,100.76961,50.51873,99.71693,141.51122,44.80392,88.16066,127.62641,40.54846,76.84166,112.7036,57.02171,103.27717,139.45131,52.32476,92.94507,125.70666,47.54577,83.36413,111.75178,58.92748,106.33656,140.93021,54.39285,95.35343,127.60436,48.86259,79.28349,107.99989,71.74011,80.60415,89.24275,61.98234,67.86472,74.95675,48.32073,52.42779,57.06888,54.7052,64.9296,78.967,47.12306,54.09934,64.00512,35.40629,40.45289,46.3606,55.87453,74.9843,95.02508,51.32843,69.29944,89.79539,46.8731,63.91523,83.78062,55.0128,87.5726,105.65819,50.63528,79.62131,95.0255,45.2346,73.06266,89.57599,54.60691,78.2644,99.75201,49.94365,71.43247,93.46512,44.74912,66.64921,89.03141,59.56897,83.93934,107.55619,55.4812,77.00626,103.54686,52.31596,71.71129,98.60423
12,57.52119,100.18674,141.00496,52.8345,95.22153,130.21394,47.37508,90.35043,118.97494,55.27022,97.55362,133.3878,44.83299,81.91606,110.24806,36.29811,67.85704,92.24808,57.391,99.96796,131.3026,50.6056,88.92838,116.34747,46.28309,80.01067,102.7018,50.85601,100.00513,142.4156,45.07363,88.46419,128.38452,40.75724,76.89779,113.29549,57.11237,103.82654,141.1791,52.45961,93.44829,127.19599,47.65016,83.68423,113.17629,59.05387,107.74409,142.54802,54.47163,96.12817,129.21326,49.03835,80.05526,109.69149,71.74011,80.60415,89.24275,62.43092,67.86472,74.95675,48.67044,52.50618,57.06888,55.5448,65.5229,79.94,47.84629,54.59368,64.79377,35.94969,40.82253,46.9344,56.81077,75.36745,95.48506,51.97139,69.67293,90.16812,47.46025,64.25882,84.15857,55.8302,87.7614,105.98908,51.29737,79.86867,95.61282,45.86932,73.48515,90.09317,55.28032,78.7086,100.1603,50.48761,72.05972,93.96475,45.1889,67.28142,89.48952,60.32677,84.11098,108.1257,56.2092,77.34398,104.00096,52.88624,72.17905,99.08225
12.66666667,57.52119,100.18674,141.00496,52.91166,95.22153,130.21394,47.37508,90.34604,119.33578,55.56477,97.55362,135.9348,45.30922,82.17684,112.24855,36.85601,68.27249,93.81483,57.391,100.37418,134.0094,50.6056,89.3624,118.67151,46.28309,80.59475,104.70132,51.19257,100.29332,143.41722,45.34309,88.86266,129.27199,40.96583,76.95386,113.88617,57.20249,104.17375,143.03331,52.59434,93.86453,128.80175,47.75446,84.0043,114.66697,59.17998,108.98116,144.16534,54.55035,96.9196,130.82162,49.21406,80.85888,111.38273,71.74011,80.60415,89.24275,62.7964,67.86472,74.95675,48.95537,52.58096,57.06888,56.3844,66.2592,80.913,48.56952,55.20717,65.58241,36.4931,41.28127,47.5082,57.74217,75.54733,96.18004,52.61368,70.04704,90.54042,48.04679,64.60159,84.5374,56.6476,87.9502,106.33882,51.95947,80.1163,96.20046,46.50403,73.90779,90.61082,55.95372,79.15279,100.56859,51.03157,72.68801,94.45428,45.62868,67.91468,89.92734,61.08457,84.28261,108.6952,56.93713,77.68169,104.45505,53.45645,72.64667,99.56022
13.33333333,57.52119,100.18674,141.00496,52.9892,95.22153,130.21394,47.37508,90.34604,119.69604,55.77174,97.55362,137.47191,45.73096,82.43561,114.24228,37.38181,68.68474,95.37714,57.391,100.9952,136.36034,50.6056,89.93926,120.75891,46.28309,81.17882,106.54685,51.52912,100.58152,144.42828,45.61227,89.271,130.16586,41.1742,77.00998,114.47655,57.29323,104.62836,144.71431,52.72893,94.35713,130.29238,47.85864,84.3244,116.0517,59.30607,108.90042,145.78138,55.23834,97.37433,132.22357,49.38917,81.55094,113.06992,71.74011,80.60415,89.24275,62.98777,67.86472,74.95675,49.10455,52.58977,57.06888,57.224,66.99647,81.886,49.29275,55.82146,66.37106,37.0365,41.74061,48.082,58.47036,75.8934,96.565,53.25616,70.42049,90.91332,48.63351,64.94415,84.91689,57.465,88.139,106.83003,52.62199,80.34426,96.76606,47.13885,74.3187,91.09362,56.62713,79.59699,100.97688,51.57552,73.3152,94.93685,46.06847,68.54682,90.35186,61.84237,84.45424,109.2647,57.6643,78.01917,104.90907,54.02585,73.1127,100.03772
14,57.52119,100.18674,141.00496,53.03315,95.22153,130.21394,47.37508,90.34604,119.69787,55.77174,97.55362,138.8076,46.02394,82.75473,115.41556,37.83176,69.19314,96.4,57.391,101.00702,137.9516,50.6056,90.11099,122.34111,46.28309,81.17882,108.06362,51.86787,100.86971,145.29421,45.88148,89.37469,130.86932,41.3826,77.06623,115.10963,57.46415,104.77836,145.94291,52.86354,94.49484,131.43522,47.96284,84.35253,117.12663,59.43221,109.6177,147.41792,55.02847,97.96814,133.50506,49.5653,81.9968,114.22816,71.74011,80.60415,89.24275,63.13452,67.86472,74.95675,49.21896,52.59856,57.06888,58.0636,67.7837,82.5278,50.01599,56.47738,66.89126,37.57991,42.23107,48.6558,59.10446,76.16566,96.949,53.89896,70.79386,91.2856,49.22051,65.2858,85.2946,58.2824,88.3278,107.3206,53.30238,80.57692,97.3187,47.78012,74.74984,91.56447,57.30054,80.03702,101.38517,52.11948,73.94226,95.42013,46.50825,69.17884,90.77786,62.60018,84.62587,109.83421,58.39277,78.35703,105.36321,54.59663,73.58144,100.51602
14.66666667,57.52119,100.18674,141.00496,53.07711,95.22153,130.21394,47.37508,90.34604,119.69787,55.77174,97.55362,140.13946,46.31691,83.05046,116.58623,38.28171,69.66427,97.42114,57.391,101.00702,139.5412,50.6056,90.27488,123.92222,46.28309,81.17882,109.57967,52.20368,101.1579,146.16356,46.15096,89.87838,131.57149,41.5912,77.1225,115.72518,57.63205,104.92246,147.17238,52.99828,94.82863,132.57686,48.06714,84.38066,118.19242,59.55873,109.23575,148.21585,55.04846,98.19396,134.42404,49.75292,82.33321,115.02049,71.74011,80.60415,89.24275,63.25722,67.86472,74.95675,49.31461,52.60738,57.06888,58.9032,68.53652,83.1706,50.73922,57.10463,67.41227,38.12332,42.7001,49.23145,59.73012,76.73006,97.333,54.54222,71.16727,91.6582,49.80793,65.6286,85.6732,59.0998,88.5166,107.81218,53.95756,80.77113,97.85125,48.4154,75.12977,91.99745,57.97395,80.47704,101.79346,52.66344,74.56939,95.90339,46.94804,69.81093,91.20377,63.35798,84.7975,110.40371,59.13581,78.69923,105.81868,55.18311,74.08075,101.00342
15.33333333,57.52119,100.18674,141.00496,53.12106,95.22153,130.21394,47.37508,90.34604,119.69787,55.77174,97.55362,141.418,46.60989,83.26917,117.72049,38.73166,70.0127,98.41834,57.391,101.00702,140.9568,50.6056,90.43876,125.38761,46.28309,81.17882,111.02043,52.53957,101.4461,147.0329,46.42043,89.98198,132.27216,41.7998,77.17868,116.33583,57.8,105.06656,148.31485,53.13301,94.96237,133.65989,48.17144,84.40875,119.21813,59.68496,109.93912,149.79938,55.22712,98.78155,136.1333,49.92856,82.77814,115.808,71.74011,80.60415,89.24275,63.40961,67.86472,74.95675,49.43341,52.6162,57.06888,59.7428,69.36261,83.8134,51.46245,57.79293,67.93328,38.66672,43.21478,49.61194,60.38782,77.18642,97.717,55.18547,71.54142,92.0308,50.39535,65.9714,86.0518,59.9172,88.6582,108.30103,54.61318,80.93536,98.37498,49.05078,75.49159,92.41988,58.64736,80.91707,102.20175,53.2074,75.19774,96.38705,47.38782,70.44424,91.63,64.11578,84.96914,110.97322,59.86366,79.03691,106.27276,55.75323,74.5482,101.48134
16,57.52119,100.18674,141.00496,53.16501,95.22153,130.21394,47.37508,90.34604,119.69787,55.77174,97.55362,142.204,46.90286,83.53963,118.51839,39.18161,70.44357,99.19439,57.391,101.00702,141.8684,50.6056,90.60264,126.45122,46.28309,81.17882,112.13779,52.87645,101.73429,147.90224,46.6899,90.08617,132.96783,42.0084,77.23482,116.9288,57.96844,105.21065,149.20532,53.26775,95.09641,134.53953,48.27574,84.43682,120.07329,59.81118,110.64249,151.25443,55.40776,99.36914,137.61278,50.10476,83.22308,116.598,71.74011,80.60415,89.24275,63.46195,67.86472,74.95675,49.47422,52.62502,57.06888,60.5824,70.09373,84.4562,52.18568,58.4021,68.45428,39.21013,43.67029,49.99244,61.11552,77.50255,98.101,55.82872,71.9144,92.4034,50.98277,66.3142,86.4304,60.7346,88.6582,108.79271,55.2606,80.99971,98.86938,49.68414,75.78265,92.80414,59.32076,81.3571,102.61004,53.75135,75.82415,96.87007,47.8276,71.0756,92.05572,64.87358,85.2528,111.54272,60.59221,79.44146,106.7474,56.3241,75.01712,101.9597
16.66666667,57.52119,100.18674,141.00496,53.20897,95.22153,130.21394,47.37508,90.34604,119.69787,55.77174,97.55362,142.99,47.19584,83.7906,119.31629,39.63156,70.8434,99.97043,57.391,101.00702,142.78,50.6056,90.76652,127.37202,46.28309,81.17882,113.02945,53.21482,102.02249,148.77449,46.95938,90.7897,133.66804,42.217,77.29108,117.52719,58.13762,105.35475,150.09724,53.40249,95.53011,135.35003,48.38004,84.46495,120.81832,59.93723,111.3503,152.71721,55.40776,99.9601,139.03617,50.28096,83.67072,117.354,71.74011,80.60415,89.24275,63.49431,67.86472,74.95675,49.49945,52.63384,57.06888,61.422,70.80706,85.099,52.90891,58.99645,68.97529,39.75353,44.11471,50.37293,61.95821,77.87392,98.485,56.47198,72.288,92.776,51.57019,66.657,86.809,61.552,88.6582,109.28171,55.90802,81.06741,99.36781,50.3175,76.07579,93.19444,59.99417,81.79713,103.01833,54.29531,76.45159,97.35343,48.26739,71.708,92.48172,65.63139,85.66131,112.11222,61.32076,79.92029,107.24489,56.89498,75.48604,102.43806
17.33333333,57.52119,100.18674,141.00496,53.25292,95.22153,130.21394,47.37508,90.34604,119.69787,55.77174,97.55362,143.776,47.48881,83.89645,120.11419,40.08151,71.01204,100.74648,57.391,101.00702,143.6916,50.6056,90.9304,128.32347,46.28309,81.17882,113.96955,53.55063,102.02267,149.18413,47.22747,90.89278,133.75142,42.4256,77.34719,117.70226,58.30552,105.35485,150.75786,53.53653,95.66359,135.86745,48.48434,84.49301,121.37591,60.06333,111.3503,152.94958,55.40776,100.01473,139.54916,50.28309,83.68711,117.8116,71.74011,80.60415,89.24275,63.52668,67.86472,74.95675,49.52468,52.64266,57.06888,62.2616,71.54918,85.7418,53.63214,59.61478,69.4963,40.29694,44.57707,50.75343,62.70843,78.13227,98.869,57.11523,72.6616,93.1486,52.15761,66.9998,87.1876,62.3694,88.6582,109.77397,56.56538,81.13479,99.85642,50.95331,76.37943,93.5723,60.66758,82.23716,103.42662,54.83927,77.07903,97.83679,48.70717,72.3404,92.90771,66.38919,85.9455,112.68173,62.04931,80.32515,107.71963,57.46586,75.95496,102.91642
18,57.52119,100.18674,141.00496,53.29687,95.22153,130.21394,47.37508,90.34604,119.69787,55.77174,97.55362,144.562,47.78179,84.07289,120.91209,40.53146,71.29312,101.52253,57.391,101.00702,144.6032,50.6056,91.09428,129.25964,46.28309,81.17882,114.88551,53.82382,102.02267,149.59377,47.44739,91.2962,133.8348,42.6342,77.40341,117.8773,58.44212,105.35485,151.41848,53.64649,95.94724,136.37722,48.58864,84.52111,121.9214,60.18941,111.3503,153.18195,55.40776,100.06936,140.05553,50.28309,83.7035,118.2682,71.74011,80.60415,89.24275,63.55904,67.86472,74.95675,49.54991,52.65148,57.06888,63.1012,72.27032,86.3846,54.35537,60.21563,70.01731,40.84034,45.02636,51.13392,63.66317,78.26055,99.253,57.75849,73.0352,93.5212,52.74503,67.3426,87.5662,63.1868,88.6582,110.26352,57.22263,81.20205,100.345,51.5891,76.68288,93.95008,61.34099,82.67718,103.83491,55.38323,77.70647,98.32015,49.14695,72.9728,93.33371,67.14699,86.08661,113.25123,62.77786,80.64488,108.16819,58.03674,76.42388,103.39478
18.66666667,57.52119,100.18674,141.00496,53.34083,95.22153,130.21394,47.37508,90.34604,119.69787,55.77174,97.55362,145.134,48.07476,84.21403,121.70999,40.98142,71.51798,102.29858,57.391,101.00702,145.5148,50.6056,91.25816,130.19609,46.28309,81.17882,115.80191,54.09629,102.02267,150.00341,47.66731,91.4998,133.91818,42.8428,77.45963,118.05234,58.57836,105.35485,152.0791,53.75645,96.13098,136.88714,48.69294,84.54923,122.46712,60.31573,111.3503,153.41431,55.40776,100.12398,140.56202,50.28309,83.71988,118.7248,71.74011,80.60415,89.24275,63.57177,67.86472,74.95675,49.55983,52.6603,57.06888,63.9408,72.99326,87.0274,55.07861,60.81798,70.53832,41.38375,45.47677,51.51442,64.34266,78.4232,99.637,58.40174,73.4088,93.8938,53.33245,67.6854,87.9448,64.0042,88.6582,110.7522,57.87988,81.26931,100.83359,52.2249,76.98633,94.32786,62.0144,83.11721,104.2432,55.92718,78.33391,98.80351,49.58674,73.6052,93.7597,67.9048,86.26552,113.82074,63.50642,80.9871,108.62367,58.60762,76.8928,103.87314
19.33333333,57.52119,100.18674,141.00496,53.38478,95.22153,130.21394,47.37508,90.34604,119.69787,55.77174,97.55362,145.134,48.36773,84.35517,122.50789,41.43137,71.74284,103.07462,57.391,101.00702,146.4264,50.6056,91.42204,131.13255,46.28309,81.17882,116.71831,54.36876,102.02267,150.41305,47.88723,91.9034,134.00156,43.0514,77.51586,118.22738,58.71459,105.35485,152.73972,53.86641,96.41472,137.39705,48.79724,84.57734,123.01284,60.4421,111.3503,153.64668,55.40776,100.17861,141.06851,50.28309,83.73627,119.1814,71.74011,80.60415,89.24275,63.57177,67.86472,74.95675,49.55983,52.66912,57.06888,64.7804,73.81924,87.6702,55.80184,61.50619,71.05933,41.92716,45.99138,51.89491,65.02751,78.69442,100.021,59.04499,73.7824,94.2664,53.91987,68.0282,88.3234,64.8216,88.6582,111.2426,58.53713,81.33657,101.32217,52.86069,77.28978,94.70565,62.6878,83.55724,104.65149,56.47114,78.96135,99.28687,50.02652,74.2376,94.1857,68.6626,86.56387,114.39024,64.23497,81.40039,109.101,59.1785,77.36173,104.3515
20,57.52119,100.18674,141.00496,53.43075,95.22153,130.21394,47.37508,90.34604,119.69787,55.77174,97.55362,145.92,48.66071,84.49632,123.30409,41.88132,71.9677,103.84792,57.391,101.00702,147.34397,50.6056,91.58719,132.07297,46.28309,81.17882,117.63729,54.64122,102.02267,150.82269,48.10787,92.107,134.08494,43.26245,77.57357,118.40243,58.85082,105.35485,153.40333,53.97673,96.5991,137.90895,48.90277,84.60619,123.55986,60.57102,111.3503,153.88057,55.40776,100.23366,141.57737,50.28309,83.75279,119.637,71.74011,80.60415,89.24275,63.57177,67.86472,74.95675,49.55983,52.67794,57.06888,65.62028,74.63474,88.313,56.52531,62.18567,71.58034,42.47074,46.49946,52.27541,65.7055,79.04502,100.405,59.68684,74.11261,94.64175,54.50601,68.3689,88.70204,65.639,88.6582,112.042,59.19465,81.40383,101.81075,53.49677,77.59332,95.08345,63.36121,83.99727,105.05978,57.0151,79.58566,99.7692,50.4663,74.86976,94.61087,69.4204,86.94952,114.95974,64.91027,81.85394,109.59071,59.69636,77.71715,104.79609
